---,ModifierId,ModifierName,ItemTags,ModifierTags,ModifierWeight,ModifierTier,ModifierRequiredLevel,ModifierAffixType,MinMaxRange,ModifiedAttribute,ModifierOperator,UniqueModifierId,ValidItemClasses,ValidItemTypesOverride,ModifierBuckets
phys_dmg_flat_01,"NSLOCTEXT(""[0167F5F64C13037CE4CA5A79C7AE169A]"", ""B5F10D094E054BFD96EB43A8D68F8AD6"", ""phys_dmg_flat_01"")","NSLOCTEXT(""[0167F5F64C13037CE4CA5A79C7AE169A]"", ""E835C82C47ADAE6E150AE4BA1600F669"", ""Hardened"")","(Etched=False)","(Physical=False,Fire=False,Ice=False,Electric=False,Poison=False,Damage=False,Attack=False,Defense=False,Resistance=False,Speed=False,Critical=False,Life=False,Armor=False,Evade=False,Overshield=False)","1000","0","1","Prefix","(2,4)","(WeaponAttackRate=0.000000,WeaponCriticalChance=0.000000,WeaponCriticalMulti=0.000000,DamageModifier=(PhysicalDamage=1.000000,FireDamage=0.000000,IceDamage=0.000000,ElectricDamage=0.000000,PoisonDamage=0.000000),MigitationModifier=(PhysicalReduction=0.000000,Evade=0.000000,Overshield=0.000000,Block=0.000000),ResistanceModifier=(FireResistance=0.000000,IceResistance=0.000000,ElectricResistance=0.000000,PoisonResistance=0.000000))","Addition","","(Armor=False,Weapon=True,Shield=False,Jewelry=False,Misc=False)","(Armor=(Head=False,Chest=False,Gloves=False,Boots=False,Shield=False),Weapon=(Sword=False,Axe=False),Shield=(HandOff=False),Jewelry=(Neck=False,Ring=False,Belt=False),Misc=(Misc=False))","(WeaponModifierBuckets=(LocalFlatPhysDamage=True,LocalPercentPhysDamage=False,LocalFlatFireDamage=False,LocalFlatColdDamage=False,LocalFlatElectricDamage=False,LocalFlatPoisonDamage=False,LocalAttackRate=False,LocalCritChance=False,LocalCritDamage=False),ArmorModifierBuckets=(PhysicalMitigation=False,Evade=False,OverShield=False,life=False),JewelryModifierBuckets=(FireResist=False),MiscModifierBuckets=(Life=False),GlobalModifierBuckets=(FireResist=False,ColdResist=False,ElectricResist=False,PoisonResist=False,GlobalAllSkills=False,UniqueSkill=False))"
phys_dmg_flat_02,"NSLOCTEXT(""[0167F5F64C13037CE4CA5A79C7AE169A]"", ""A68EFE18436F6D8970E5FA9F0057CF5B"", ""phys_dmg_flat_02"")","NSLOCTEXT(""[0167F5F64C13037CE4CA5A79C7AE169A]"", ""BC514C694E6451CAE750F88FEDCAF8B2"", ""phys + 2"")","(Etched=False)","(Physical=True,Fire=False,Ice=False,Electric=False,Poison=False,Damage=True,Attack=True,Defense=False,Resistance=False,Speed=False,Critical=False,Life=False,Armor=False,Evade=False,Overshield=False)","1000","1","5","Prefix","(4,6)","(WeaponAttackRate=0.000000,WeaponCriticalChance=0.000000,WeaponCriticalMulti=0.000000,DamageModifier=(PhysicalDamage=1.000000,FireDamage=0.000000,IceDamage=0.000000,ElectricDamage=0.000000,PoisonDamage=0.000000),MigitationModifier=(PhysicalReduction=0.000000,Evade=0.000000,Overshield=0.000000,Block=0.000000),ResistanceModifier=(FireResistance=0.000000,IceResistance=0.000000,ElectricResistance=0.000000,PoisonResistance=0.000000))","Addition","","(Armor=False,Weapon=True,Shield=False,Jewelry=False,Misc=False)","(Armor=(Head=False,Chest=False,Gloves=False,Boots=False,Shield=False),Weapon=(Sword=False,Axe=False),Shield=(HandOff=False),Jewelry=(Neck=False,Ring=False,Belt=False),Misc=(Misc=False))","(WeaponModifierBuckets=(LocalFlatPhysDamage=True,LocalPercentPhysDamage=False,LocalFlatFireDamage=False,LocalFlatColdDamage=False,LocalFlatElectricDamage=False,LocalFlatPoisonDamage=False,LocalAttackRate=False,LocalCritChance=False,LocalCritDamage=False),ArmorModifierBuckets=(PhysicalMitigation=False,Evade=False,OverShield=False,life=False),JewelryModifierBuckets=(FireResist=False),MiscModifierBuckets=(Life=False),GlobalModifierBuckets=(FireResist=False,ColdResist=False,ElectricResist=False,PoisonResist=False,GlobalAllSkills=False,UniqueSkill=False))"
phys_dmg_percent_01,"NSLOCTEXT(""[0167F5F64C13037CE4CA5A79C7AE169A]"", ""FB42EE2C44ABEE0642EB1695DCD96B50"", ""phys_dmg_percent_01"")","NSLOCTEXT(""[0167F5F64C13037CE4CA5A79C7AE169A]"", ""2BF300F54F98EF23661AB7BDB94C4AE1"", ""phys % 1"")","(Etched=False)","(Physical=True,Fire=False,Ice=False,Electric=False,Poison=False,Damage=True,Attack=True,Defense=False,Resistance=False,Speed=False,Critical=False,Life=False,Armor=False,Evade=False,Overshield=False)","1000","0","1","Prefix","(10,20)","(WeaponAttackRate=0.000000,WeaponCriticalChance=0.000000,WeaponCriticalMulti=0.000000,DamageModifier=(PhysicalDamage=1.000000,FireDamage=0.000000,IceDamage=0.000000,ElectricDamage=0.000000,PoisonDamage=0.000000),MigitationModifier=(PhysicalReduction=0.000000,Evade=0.000000,Overshield=0.000000,Block=0.000000),ResistanceModifier=(FireResistance=0.000000,IceResistance=0.000000,ElectricResistance=0.000000,PoisonResistance=0.000000))","Multiplication","","(Armor=False,Weapon=True,Shield=False,Jewelry=False,Misc=False)","(Armor=(Head=False,Chest=False,Gloves=False,Boots=False,Shield=False),Weapon=(Sword=False,Axe=False),Shield=(HandOff=False),Jewelry=(Neck=False,Ring=False,Belt=False),Misc=(Misc=False))","(WeaponModifierBuckets=(LocalFlatPhysDamage=False,LocalPercentPhysDamage=True,LocalFlatFireDamage=False,LocalFlatColdDamage=False,LocalFlatElectricDamage=False,LocalFlatPoisonDamage=False,LocalAttackRate=False,LocalCritChance=False,LocalCritDamage=False),ArmorModifierBuckets=(PhysicalMitigation=False,Evade=False,OverShield=False,life=False),JewelryModifierBuckets=(FireResist=False),MiscModifierBuckets=(Life=False),GlobalModifierBuckets=(FireResist=False,ColdResist=False,ElectricResist=False,PoisonResist=False,GlobalAllSkills=False,UniqueSkill=False))"
phys_dmg_percent_02,"NSLOCTEXT(""[0167F5F64C13037CE4CA5A79C7AE169A]"", ""555E412843CEBB8EED2FC9AA854CBAC9"", ""phys_dmg_percent_02"")","NSLOCTEXT(""[0167F5F64C13037CE4CA5A79C7AE169A]"", ""8226692740BD8C69AB1FACA21F50C4ED"", ""phys % 2"")","(Etched=False)","(Physical=True,Fire=False,Ice=False,Electric=False,Poison=False,Damage=True,Attack=True,Defense=False,Resistance=False,Speed=False,Critical=False,Life=False,Armor=False,Evade=False,Overshield=False)","1000","1","5","Prefix","(21,30)","(WeaponAttackRate=0.000000,WeaponCriticalChance=0.000000,WeaponCriticalMulti=0.000000,DamageModifier=(PhysicalDamage=1.000000,FireDamage=0.000000,IceDamage=0.000000,ElectricDamage=0.000000,PoisonDamage=0.000000),MigitationModifier=(PhysicalReduction=0.000000,Evade=0.000000,Overshield=0.000000,Block=0.000000),ResistanceModifier=(FireResistance=0.000000,IceResistance=0.000000,ElectricResistance=0.000000,PoisonResistance=0.000000))","Multiplication","","(Armor=False,Weapon=True,Shield=False,Jewelry=False,Misc=False)","(Armor=(Head=False,Chest=False,Gloves=False,Boots=False,Shield=False),Weapon=(Sword=False,Axe=False),Shield=(HandOff=False),Jewelry=(Neck=False,Ring=False,Belt=False),Misc=(Misc=False))","(WeaponModifierBuckets=(LocalFlatPhysDamage=False,LocalPercentPhysDamage=True,LocalFlatFireDamage=False,LocalFlatColdDamage=False,LocalFlatElectricDamage=False,LocalFlatPoisonDamage=False,LocalAttackRate=False,LocalCritChance=False,LocalCritDamage=False),ArmorModifierBuckets=(PhysicalMitigation=False,Evade=False,OverShield=False,life=False),JewelryModifierBuckets=(FireResist=False),MiscModifierBuckets=(Life=False),GlobalModifierBuckets=(FireResist=False,ColdResist=False,ElectricResist=False,PoisonResist=False,GlobalAllSkills=False,UniqueSkill=False))"
fire_dmg_flat_01,"NSLOCTEXT(""[0167F5F64C13037CE4CA5A79C7AE169A]"", ""3267274D4407C560FBCBBE80C91711C8"", ""fire_dmg_flat_01"")","NSLOCTEXT(""[0167F5F64C13037CE4CA5A79C7AE169A]"", ""C1A130F747D023655AD470AC3CA62FE6"", ""fire + 1"")","(Etched=False)","(Physical=False,Fire=True,Ice=False,Electric=False,Poison=False,Damage=True,Attack=True,Defense=False,Resistance=False,Speed=False,Critical=False,Life=False,Armor=False,Evade=False,Overshield=False)","1000","0","1","Prefix","(3,6)","(WeaponAttackRate=0.000000,WeaponCriticalChance=0.000000,WeaponCriticalMulti=0.000000,DamageModifier=(PhysicalDamage=0.000000,FireDamage=1.000000,IceDamage=0.000000,ElectricDamage=0.000000,PoisonDamage=0.000000),MigitationModifier=(PhysicalReduction=0.000000,Evade=0.000000,Overshield=0.000000,Block=0.000000),ResistanceModifier=(FireResistance=0.000000,IceResistance=0.000000,ElectricResistance=0.000000,PoisonResistance=0.000000))","Addition","","(Armor=False,Weapon=True,Shield=False,Jewelry=False,Misc=False)","(Armor=(Head=False,Chest=False,Gloves=False,Boots=False,Shield=False),Weapon=(Sword=False,Axe=False),Shield=(HandOff=False),Jewelry=(Neck=False,Ring=False,Belt=False),Misc=(Misc=False))","(WeaponModifierBuckets=(LocalFlatPhysDamage=False,LocalPercentPhysDamage=False,LocalFlatFireDamage=True,LocalFlatColdDamage=False,LocalFlatElectricDamage=False,LocalFlatPoisonDamage=False,LocalAttackRate=False,LocalCritChance=False,LocalCritDamage=False),ArmorModifierBuckets=(PhysicalMitigation=False,Evade=False,OverShield=False,life=False),JewelryModifierBuckets=(FireResist=False),MiscModifierBuckets=(Life=False),GlobalModifierBuckets=(FireResist=False,ColdResist=False,ElectricResist=False,PoisonResist=False,GlobalAllSkills=False,UniqueSkill=False))"
fire_dmg_flat_02,"NSLOCTEXT(""[0167F5F64C13037CE4CA5A79C7AE169A]"", ""355791D143DCD3B4832C08825535E15A"", ""fire_dmg_flat_02"")","NSLOCTEXT(""[0167F5F64C13037CE4CA5A79C7AE169A]"", ""1F2A7BFC4BADB2834324E480D9FC479B"", ""fire + 2"")","(Etched=False)","(Physical=False,Fire=True,Ice=False,Electric=False,Poison=False,Damage=True,Attack=True,Defense=False,Resistance=False,Speed=False,Critical=False,Life=False,Armor=False,Evade=False,Overshield=False)","1000","1","5","Prefix","(6,12)","(WeaponAttackRate=0.000000,WeaponCriticalChance=0.000000,WeaponCriticalMulti=0.000000,DamageModifier=(PhysicalDamage=0.000000,FireDamage=1.000000,IceDamage=0.000000,ElectricDamage=0.000000,PoisonDamage=0.000000),MigitationModifier=(PhysicalReduction=0.000000,Evade=0.000000,Overshield=0.000000,Block=0.000000),ResistanceModifier=(FireResistance=0.000000,IceResistance=0.000000,ElectricResistance=0.000000,PoisonResistance=0.000000))","Addition","","(Armor=False,Weapon=True,Shield=False,Jewelry=False,Misc=False)","(Armor=(Head=False,Chest=False,Gloves=False,Boots=False,Shield=False),Weapon=(Sword=False,Axe=False),Shield=(HandOff=False),Jewelry=(Neck=False,Ring=False,Belt=False),Misc=(Misc=False))","(WeaponModifierBuckets=(LocalFlatPhysDamage=False,LocalPercentPhysDamage=False,LocalFlatFireDamage=True,LocalFlatColdDamage=False,LocalFlatElectricDamage=False,LocalFlatPoisonDamage=False,LocalAttackRate=False,LocalCritChance=False,LocalCritDamage=False),ArmorModifierBuckets=(PhysicalMitigation=False,Evade=False,OverShield=False,life=False),JewelryModifierBuckets=(FireResist=False),MiscModifierBuckets=(Life=False),GlobalModifierBuckets=(FireResist=False,ColdResist=False,ElectricResist=False,PoisonResist=False,GlobalAllSkills=False,UniqueSkill=False))"
ice_dmg_flat_01,"NSLOCTEXT(""[0167F5F64C13037CE4CA5A79C7AE169A]"", ""A6062CA84D96023AB40DF8AD02B4B816"", ""ice_dmg_flat_01"")","NSLOCTEXT(""[0167F5F64C13037CE4CA5A79C7AE169A]"", ""8B6552F34BEED4686EFDB789AAF58F7B"", ""ice + 1"")","(Etched=False)","(Physical=False,Fire=False,Ice=True,Electric=False,Poison=False,Damage=True,Attack=True,Defense=False,Resistance=False,Speed=False,Critical=False,Life=False,Armor=False,Evade=False,Overshield=False)","1000","0","1","Prefix","(4,5)","(WeaponAttackRate=0.000000,WeaponCriticalChance=0.000000,WeaponCriticalMulti=0.000000,DamageModifier=(PhysicalDamage=0.000000,FireDamage=0.000000,IceDamage=1.000000,ElectricDamage=0.000000,PoisonDamage=0.000000),MigitationModifier=(PhysicalReduction=0.000000,Evade=0.000000,Overshield=0.000000,Block=0.000000),ResistanceModifier=(FireResistance=0.000000,IceResistance=0.000000,ElectricResistance=0.000000,PoisonResistance=0.000000))","Addition","","(Armor=False,Weapon=True,Shield=False,Jewelry=False,Misc=False)","(Armor=(Head=False,Chest=False,Gloves=False,Boots=False,Shield=False),Weapon=(Sword=False,Axe=False),Shield=(HandOff=False),Jewelry=(Neck=False,Ring=False,Belt=False),Misc=(Misc=False))","(WeaponModifierBuckets=(LocalFlatPhysDamage=False,LocalPercentPhysDamage=False,LocalFlatFireDamage=False,LocalFlatColdDamage=True,LocalFlatElectricDamage=False,LocalFlatPoisonDamage=False,LocalAttackRate=False,LocalCritChance=False,LocalCritDamage=False),ArmorModifierBuckets=(PhysicalMitigation=False,Evade=False,OverShield=False,life=False),JewelryModifierBuckets=(FireResist=False),MiscModifierBuckets=(Life=False),GlobalModifierBuckets=(FireResist=False,ColdResist=False,ElectricResist=False,PoisonResist=False,GlobalAllSkills=False,UniqueSkill=False))"
ice_dmg_flat_02,"NSLOCTEXT(""[0167F5F64C13037CE4CA5A79C7AE169A]"", ""848965A54D107820CECDDE9A4875E00D"", ""ice_dmg_flat_02"")","NSLOCTEXT(""[0167F5F64C13037CE4CA5A79C7AE169A]"", ""7703D11A46C3F7105C885D9212108597"", ""ice + 2"")","(Etched=False)","(Physical=False,Fire=False,Ice=True,Electric=False,Poison=False,Damage=True,Attack=True,Defense=False,Resistance=False,Speed=False,Critical=False,Life=False,Armor=False,Evade=False,Overshield=False)","1000","1","5","Prefix","(8,10)","(WeaponAttackRate=0.000000,WeaponCriticalChance=0.000000,WeaponCriticalMulti=0.000000,DamageModifier=(PhysicalDamage=0.000000,FireDamage=0.000000,IceDamage=1.000000,ElectricDamage=0.000000,PoisonDamage=0.000000),MigitationModifier=(PhysicalReduction=0.000000,Evade=0.000000,Overshield=0.000000,Block=0.000000),ResistanceModifier=(FireResistance=0.000000,IceResistance=0.000000,ElectricResistance=0.000000,PoisonResistance=0.000000))","Addition","","(Armor=False,Weapon=True,Shield=False,Jewelry=False,Misc=False)","(Armor=(Head=False,Chest=False,Gloves=False,Boots=False,Shield=False),Weapon=(Sword=False,Axe=False),Shield=(HandOff=False),Jewelry=(Neck=False,Ring=False,Belt=False),Misc=(Misc=False))","(WeaponModifierBuckets=(LocalFlatPhysDamage=False,LocalPercentPhysDamage=False,LocalFlatFireDamage=False,LocalFlatColdDamage=True,LocalFlatElectricDamage=False,LocalFlatPoisonDamage=False,LocalAttackRate=False,LocalCritChance=False,LocalCritDamage=False),ArmorModifierBuckets=(PhysicalMitigation=False,Evade=False,OverShield=False,life=False),JewelryModifierBuckets=(FireResist=False),MiscModifierBuckets=(Life=False),GlobalModifierBuckets=(FireResist=False,ColdResist=False,ElectricResist=False,PoisonResist=False,GlobalAllSkills=False,UniqueSkill=False))"
elec_dmg_flat_01,"NSLOCTEXT(""[0167F5F64C13037CE4CA5A79C7AE169A]"", ""CE94C60249D2FDC5AE669F84F5F67015"", ""elec_dmg_flat_01"")","NSLOCTEXT(""[0167F5F64C13037CE4CA5A79C7AE169A]"", ""215A4ADE4FFF95EAF9B47E9AB68BDFBE"", ""electric + 1"")","(Etched=False)","(Physical=False,Fire=False,Ice=False,Electric=True,Poison=False,Damage=True,Attack=True,Defense=False,Resistance=False,Speed=False,Critical=False,Life=False,Armor=False,Evade=False,Overshield=False)","1000","0","1","Prefix","(1,8)","(WeaponAttackRate=0.000000,WeaponCriticalChance=0.000000,WeaponCriticalMulti=0.000000,DamageModifier=(PhysicalDamage=0.000000,FireDamage=0.000000,IceDamage=0.000000,ElectricDamage=1.000000,PoisonDamage=0.000000),MigitationModifier=(PhysicalReduction=0.000000,Evade=0.000000,Overshield=0.000000,Block=0.000000),ResistanceModifier=(FireResistance=0.000000,IceResistance=0.000000,ElectricResistance=0.000000,PoisonResistance=0.000000))","Addition","","(Armor=False,Weapon=True,Shield=False,Jewelry=False,Misc=False)","(Armor=(Head=False,Chest=False,Gloves=False,Boots=False,Shield=False),Weapon=(Sword=False,Axe=False),Shield=(HandOff=False),Jewelry=(Neck=False,Ring=False,Belt=False),Misc=(Misc=False))","(WeaponModifierBuckets=(LocalFlatPhysDamage=False,LocalPercentPhysDamage=False,LocalFlatFireDamage=False,LocalFlatColdDamage=False,LocalFlatElectricDamage=True,LocalFlatPoisonDamage=False,LocalAttackRate=False,LocalCritChance=False,LocalCritDamage=False),ArmorModifierBuckets=(PhysicalMitigation=False,Evade=False,OverShield=False,life=False),JewelryModifierBuckets=(FireResist=False),MiscModifierBuckets=(Life=False),GlobalModifierBuckets=(FireResist=False,ColdResist=False,ElectricResist=False,PoisonResist=False,GlobalAllSkills=False,UniqueSkill=False))"
elec_dmg_flat_02,"NSLOCTEXT(""[0167F5F64C13037CE4CA5A79C7AE169A]"", ""D12237514C8E239833E9D484FE29D94A"", ""elec_dmg_flat_02"")","NSLOCTEXT(""[0167F5F64C13037CE4CA5A79C7AE169A]"", ""4D67C4694802A6A41E525CA2B8C1577C"", ""electric + 2"")","(Etched=False)","(Physical=False,Fire=False,Ice=False,Electric=True,Poison=False,Damage=True,Attack=True,Defense=False,Resistance=False,Speed=False,Critical=False,Life=False,Armor=False,Evade=False,Overshield=False)","1000","1","5","Prefix","(2,16)","(WeaponAttackRate=0.000000,WeaponCriticalChance=0.000000,WeaponCriticalMulti=0.000000,DamageModifier=(PhysicalDamage=0.000000,FireDamage=0.000000,IceDamage=0.000000,ElectricDamage=1.000000,PoisonDamage=0.000000),MigitationModifier=(PhysicalReduction=0.000000,Evade=0.000000,Overshield=0.000000,Block=0.000000),ResistanceModifier=(FireResistance=0.000000,IceResistance=0.000000,ElectricResistance=0.000000,PoisonResistance=0.000000))","Addition","","(Armor=False,Weapon=True,Shield=False,Jewelry=False,Misc=False)","(Armor=(Head=False,Chest=False,Gloves=False,Boots=False,Shield=False),Weapon=(Sword=False,Axe=False),Shield=(HandOff=False),Jewelry=(Neck=False,Ring=False,Belt=False),Misc=(Misc=False))","(WeaponModifierBuckets=(LocalFlatPhysDamage=False,LocalPercentPhysDamage=False,LocalFlatFireDamage=False,LocalFlatColdDamage=False,LocalFlatElectricDamage=True,LocalFlatPoisonDamage=False,LocalAttackRate=False,LocalCritChance=False,LocalCritDamage=False),ArmorModifierBuckets=(PhysicalMitigation=False,Evade=False,OverShield=False,life=False),JewelryModifierBuckets=(FireResist=False),MiscModifierBuckets=(Life=False),GlobalModifierBuckets=(FireResist=False,ColdResist=False,ElectricResist=False,PoisonResist=False,GlobalAllSkills=False,UniqueSkill=False))"
poison_dmg_flat_01,"NSLOCTEXT(""[0167F5F64C13037CE4CA5A79C7AE169A]"", ""A39A0DC74DA95C91ABE0818CFCAF501B"", ""poison_dmg_flat_01"")","NSLOCTEXT(""[0167F5F64C13037CE4CA5A79C7AE169A]"", ""E96F523C4EFD77B8A5C97B91F3626AAE"", ""poison + 1"")","(Etched=False)","(Physical=False,Fire=False,Ice=False,Electric=False,Poison=True,Damage=True,Attack=True,Defense=False,Resistance=False,Speed=False,Critical=False,Life=False,Armor=False,Evade=False,Overshield=False)","1000","0","1","Prefix","(2,4)","(WeaponAttackRate=0.000000,WeaponCriticalChance=0.000000,WeaponCriticalMulti=0.000000,DamageModifier=(PhysicalDamage=0.000000,FireDamage=0.000000,IceDamage=0.000000,ElectricDamage=0.000000,PoisonDamage=1.000000),MigitationModifier=(PhysicalReduction=0.000000,Evade=0.000000,Overshield=0.000000,Block=0.000000),ResistanceModifier=(FireResistance=0.000000,IceResistance=0.000000,ElectricResistance=0.000000,PoisonResistance=0.000000))","Addition","","(Armor=False,Weapon=True,Shield=False,Jewelry=False,Misc=False)","(Armor=(Head=False,Chest=False,Gloves=False,Boots=False,Shield=False),Weapon=(Sword=False,Axe=False),Shield=(HandOff=False),Jewelry=(Neck=False,Ring=False,Belt=False),Misc=(Misc=False))","(WeaponModifierBuckets=(LocalFlatPhysDamage=False,LocalPercentPhysDamage=False,LocalFlatFireDamage=False,LocalFlatColdDamage=False,LocalFlatElectricDamage=False,LocalFlatPoisonDamage=True,LocalAttackRate=False,LocalCritChance=False,LocalCritDamage=False),ArmorModifierBuckets=(PhysicalMitigation=False,Evade=False,OverShield=False,life=False),JewelryModifierBuckets=(FireResist=False),MiscModifierBuckets=(Life=False),GlobalModifierBuckets=(FireResist=False,ColdResist=False,ElectricResist=False,PoisonResist=False,GlobalAllSkills=False,UniqueSkill=False))"
poison_dmg_flat_02,"NSLOCTEXT(""[0167F5F64C13037CE4CA5A79C7AE169A]"", ""1565B15446C3DC04BB20F2859F442127"", ""poison_dmg_flat_02"")","NSLOCTEXT(""[0167F5F64C13037CE4CA5A79C7AE169A]"", ""904F44B24092D00CD99C9EBF47626860"", ""poison + 2"")","(Etched=False)","(Physical=False,Fire=False,Ice=False,Electric=False,Poison=True,Damage=True,Attack=True,Defense=False,Resistance=False,Speed=False,Critical=False,Life=False,Armor=False,Evade=False,Overshield=False)","1000","1","5","Prefix","(4,8)","(WeaponAttackRate=0.000000,WeaponCriticalChance=0.000000,WeaponCriticalMulti=0.000000,DamageModifier=(PhysicalDamage=0.000000,FireDamage=0.000000,IceDamage=0.000000,ElectricDamage=0.000000,PoisonDamage=1.000000),MigitationModifier=(PhysicalReduction=0.000000,Evade=0.000000,Overshield=0.000000,Block=0.000000),ResistanceModifier=(FireResistance=0.000000,IceResistance=0.000000,ElectricResistance=0.000000,PoisonResistance=0.000000))","Addition","","(Armor=False,Weapon=True,Shield=False,Jewelry=False,Misc=False)","(Armor=(Head=False,Chest=False,Gloves=False,Boots=False,Shield=False),Weapon=(Sword=False,Axe=False),Shield=(HandOff=False),Jewelry=(Neck=False,Ring=False,Belt=False),Misc=(Misc=False))","(WeaponModifierBuckets=(LocalFlatPhysDamage=False,LocalPercentPhysDamage=False,LocalFlatFireDamage=False,LocalFlatColdDamage=False,LocalFlatElectricDamage=False,LocalFlatPoisonDamage=True,LocalAttackRate=False,LocalCritChance=False,LocalCritDamage=False),ArmorModifierBuckets=(PhysicalMitigation=False,Evade=False,OverShield=False,life=False),JewelryModifierBuckets=(FireResist=False),MiscModifierBuckets=(Life=False),GlobalModifierBuckets=(FireResist=False,ColdResist=False,ElectricResist=False,PoisonResist=False,GlobalAllSkills=False,UniqueSkill=False))"
atk_spd_01,"NSLOCTEXT(""[0167F5F64C13037CE4CA5A79C7AE169A]"", ""B1BEE023469658C03E1DB39A62ECBB61"", ""atk_spd_01"")","NSLOCTEXT(""[0167F5F64C13037CE4CA5A79C7AE169A]"", ""3DE28A594DAAF87A42971E869521663F"", ""atk speed 1"")","(Etched=False)","(Physical=False,Fire=False,Ice=False,Electric=False,Poison=False,Damage=False,Attack=True,Defense=False,Resistance=False,Speed=True,Critical=False,Life=False,Armor=False,Evade=False,Overshield=False)","500","0","1","Suffix","(5,10)","(WeaponAttackRate=1.000000,WeaponCriticalChance=0.000000,WeaponCriticalMulti=0.000000,DamageModifier=(PhysicalDamage=0.000000,FireDamage=0.000000,IceDamage=0.000000,ElectricDamage=0.000000,PoisonDamage=0.000000),MigitationModifier=(PhysicalReduction=0.000000,Evade=0.000000,Overshield=0.000000,Block=0.000000),ResistanceModifier=(FireResistance=0.000000,IceResistance=0.000000,ElectricResistance=0.000000,PoisonResistance=0.000000))","Multiplication","","(Armor=False,Weapon=True,Shield=False,Jewelry=False,Misc=False)","(Armor=(Head=False,Chest=False,Gloves=False,Boots=False,Shield=False),Weapon=(Sword=False,Axe=False),Shield=(HandOff=False),Jewelry=(Neck=False,Ring=False,Belt=False),Misc=(Misc=False))","(WeaponModifierBuckets=(LocalFlatPhysDamage=False,LocalPercentPhysDamage=False,LocalFlatFireDamage=False,LocalFlatColdDamage=False,LocalFlatElectricDamage=False,LocalFlatPoisonDamage=False,LocalAttackRate=True,LocalCritChance=False,LocalCritDamage=False),ArmorModifierBuckets=(PhysicalMitigation=False,Evade=False,OverShield=False,life=False),JewelryModifierBuckets=(FireResist=False),MiscModifierBuckets=(Life=False),GlobalModifierBuckets=(FireResist=False,ColdResist=False,ElectricResist=False,PoisonResist=False,GlobalAllSkills=False,UniqueSkill=False))"
atk_spd_02,"NSLOCTEXT(""[0167F5F64C13037CE4CA5A79C7AE169A]"", ""BFCD149D478C0461871E8EBB599BF464"", ""atk_spd_02"")","NSLOCTEXT(""[0167F5F64C13037CE4CA5A79C7AE169A]"", ""9B248FD948E691838A3B1081C3FA0043"", ""atk speed 2"")","(Etched=False)","(Physical=False,Fire=False,Ice=False,Electric=False,Poison=False,Damage=False,Attack=True,Defense=False,Resistance=False,Speed=True,Critical=False,Life=False,Armor=False,Evade=False,Overshield=False)","500","1","5","Suffix","(11,15)","(WeaponAttackRate=1.000000,WeaponCriticalChance=0.000000,WeaponCriticalMulti=0.000000,DamageModifier=(PhysicalDamage=0.000000,FireDamage=0.000000,IceDamage=0.000000,ElectricDamage=0.000000,PoisonDamage=0.000000),MigitationModifier=(PhysicalReduction=0.000000,Evade=0.000000,Overshield=0.000000,Block=0.000000),ResistanceModifier=(FireResistance=0.000000,IceResistance=0.000000,ElectricResistance=0.000000,PoisonResistance=0.000000))","Multiplication","","(Armor=False,Weapon=True,Shield=False,Jewelry=False,Misc=False)","(Armor=(Head=False,Chest=False,Gloves=False,Boots=False,Shield=False),Weapon=(Sword=False,Axe=False),Shield=(HandOff=False),Jewelry=(Neck=False,Ring=False,Belt=False),Misc=(Misc=False))","(WeaponModifierBuckets=(LocalFlatPhysDamage=False,LocalPercentPhysDamage=False,LocalFlatFireDamage=False,LocalFlatColdDamage=False,LocalFlatElectricDamage=False,LocalFlatPoisonDamage=False,LocalAttackRate=True,LocalCritChance=False,LocalCritDamage=False),ArmorModifierBuckets=(PhysicalMitigation=False,Evade=False,OverShield=False,life=False),JewelryModifierBuckets=(FireResist=False),MiscModifierBuckets=(Life=False),GlobalModifierBuckets=(FireResist=False,ColdResist=False,ElectricResist=False,PoisonResist=False,GlobalAllSkills=False,UniqueSkill=False))"
atk_spd_03,"NSLOCTEXT(""[0167F5F64C13037CE4CA5A79C7AE169A]"", ""E205E2AB47FEE93A71BB32B493222437"", ""atk_spd_03"")","NSLOCTEXT(""[0167F5F64C13037CE4CA5A79C7AE169A]"", ""832FF0704CC85B47F361C2A106EAA48B"", ""atk speed 3"")","(Etched=False)","(Physical=False,Fire=False,Ice=False,Electric=False,Poison=False,Damage=False,Attack=True,Defense=False,Resistance=False,Speed=True,Critical=False,Life=False,Armor=False,Evade=False,Overshield=False)","500","2","10","Suffix","(16,20)","(WeaponAttackRate=1.000000,WeaponCriticalChance=0.000000,WeaponCriticalMulti=0.000000,DamageModifier=(PhysicalDamage=0.000000,FireDamage=0.000000,IceDamage=0.000000,ElectricDamage=0.000000,PoisonDamage=0.000000),MigitationModifier=(PhysicalReduction=0.000000,Evade=0.000000,Overshield=0.000000,Block=0.000000),ResistanceModifier=(FireResistance=0.000000,IceResistance=0.000000,ElectricResistance=0.000000,PoisonResistance=0.000000))","Multiplication","","(Armor=False,Weapon=True,Shield=False,Jewelry=False,Misc=False)","(Armor=(Head=False,Chest=False,Gloves=False,Boots=False,Shield=False),Weapon=(Sword=False,Axe=False),Shield=(HandOff=False),Jewelry=(Neck=False,Ring=False,Belt=False),Misc=(Misc=False))","(WeaponModifierBuckets=(LocalFlatPhysDamage=False,LocalPercentPhysDamage=False,LocalFlatFireDamage=False,LocalFlatColdDamage=False,LocalFlatElectricDamage=False,LocalFlatPoisonDamage=False,LocalAttackRate=True,LocalCritChance=False,LocalCritDamage=False),ArmorModifierBuckets=(PhysicalMitigation=False,Evade=False,OverShield=False,life=False),JewelryModifierBuckets=(FireResist=False),MiscModifierBuckets=(Life=False),GlobalModifierBuckets=(FireResist=False,ColdResist=False,ElectricResist=False,PoisonResist=False,GlobalAllSkills=False,UniqueSkill=False))"
crit_chance_01,"NSLOCTEXT(""[0167F5F64C13037CE4CA5A79C7AE169A]"", ""1897DA0148D62CD9EC7C9D8A74CA9A92"", ""crit_chance_01"")","NSLOCTEXT(""[0167F5F64C13037CE4CA5A79C7AE169A]"", ""05C61DCD43320819D6B8CAA2D30BB7D0"", ""crit chance 1"")","(Etched=False)","(Physical=False,Fire=False,Ice=False,Electric=False,Poison=False,Damage=True,Attack=True,Defense=False,Resistance=False,Speed=False,Critical=True,Life=False,Armor=False,Evade=False,Overshield=False)","500","0","1","Suffix","(10,15)","(WeaponAttackRate=0.000000,WeaponCriticalChance=1.000000,WeaponCriticalMulti=0.000000,DamageModifier=(PhysicalDamage=0.000000,FireDamage=0.000000,IceDamage=0.000000,ElectricDamage=0.000000,PoisonDamage=0.000000),MigitationModifier=(PhysicalReduction=0.000000,Evade=0.000000,Overshield=0.000000,Block=0.000000),ResistanceModifier=(FireResistance=0.000000,IceResistance=0.000000,ElectricResistance=0.000000,PoisonResistance=0.000000))","Multiplication","","(Armor=False,Weapon=True,Shield=False,Jewelry=False,Misc=False)","(Armor=(Head=False,Chest=False,Gloves=False,Boots=False,Shield=False),Weapon=(Sword=False,Axe=False),Shield=(HandOff=False),Jewelry=(Neck=False,Ring=False,Belt=False),Misc=(Misc=False))","(WeaponModifierBuckets=(LocalFlatPhysDamage=False,LocalPercentPhysDamage=False,LocalFlatFireDamage=False,LocalFlatColdDamage=False,LocalFlatElectricDamage=False,LocalFlatPoisonDamage=False,LocalAttackRate=False,LocalCritChance=True,LocalCritDamage=False),ArmorModifierBuckets=(PhysicalMitigation=False,Evade=False,OverShield=False,life=False),JewelryModifierBuckets=(FireResist=False),MiscModifierBuckets=(Life=False),GlobalModifierBuckets=(FireResist=False,ColdResist=False,ElectricResist=False,PoisonResist=False,GlobalAllSkills=False,UniqueSkill=False))"
crit_chance_02,"NSLOCTEXT(""[0167F5F64C13037CE4CA5A79C7AE169A]"", ""8F24F5DB40F553980B1D8FACBC008850"", ""crit_chance_02"")","NSLOCTEXT(""[0167F5F64C13037CE4CA5A79C7AE169A]"", ""B00F947549CF8A8FDD60358D8B0619D6"", ""crit chance 2"")","(Etched=False)","(Physical=False,Fire=False,Ice=False,Electric=False,Poison=False,Damage=True,Attack=True,Defense=False,Resistance=False,Speed=False,Critical=True,Life=False,Armor=False,Evade=False,Overshield=False)","500","1","5","Suffix","(16,20)","(WeaponAttackRate=0.000000,WeaponCriticalChance=1.000000,WeaponCriticalMulti=0.000000,DamageModifier=(PhysicalDamage=0.000000,FireDamage=0.000000,IceDamage=0.000000,ElectricDamage=0.000000,PoisonDamage=0.000000),MigitationModifier=(PhysicalReduction=0.000000,Evade=0.000000,Overshield=0.000000,Block=0.000000),ResistanceModifier=(FireResistance=0.000000,IceResistance=0.000000,ElectricResistance=0.000000,PoisonResistance=0.000000))","Multiplication","","(Armor=False,Weapon=True,Shield=False,Jewelry=False,Misc=False)","(Armor=(Head=False,Chest=False,Gloves=False,Boots=False,Shield=False),Weapon=(Sword=False,Axe=False),Shield=(HandOff=False),Jewelry=(Neck=False,Ring=False,Belt=False),Misc=(Misc=False))","(WeaponModifierBuckets=(LocalFlatPhysDamage=False,LocalPercentPhysDamage=False,LocalFlatFireDamage=False,LocalFlatColdDamage=False,LocalFlatElectricDamage=False,LocalFlatPoisonDamage=False,LocalAttackRate=False,LocalCritChance=True,LocalCritDamage=False),ArmorModifierBuckets=(PhysicalMitigation=False,Evade=False,OverShield=False,life=False),JewelryModifierBuckets=(FireResist=False),MiscModifierBuckets=(Life=False),GlobalModifierBuckets=(FireResist=False,ColdResist=False,ElectricResist=False,PoisonResist=False,GlobalAllSkills=False,UniqueSkill=False))"
crit_chance_03,"NSLOCTEXT(""[0167F5F64C13037CE4CA5A79C7AE169A]"", ""DE577F7D45BD7C8EEDB64F92C0777F45"", ""crit_chance_03"")","NSLOCTEXT(""[0167F5F64C13037CE4CA5A79C7AE169A]"", ""CD4EE5E64F6C6ED14090A6905277D597"", ""crit chance 3"")","(Etched=False)","(Physical=False,Fire=False,Ice=False,Electric=False,Poison=False,Damage=True,Attack=True,Defense=False,Resistance=False,Speed=False,Critical=True,Life=False,Armor=False,Evade=False,Overshield=False)","500","2","10","Suffix","(21,25)","(WeaponAttackRate=0.000000,WeaponCriticalChance=1.000000,WeaponCriticalMulti=0.000000,DamageModifier=(PhysicalDamage=0.000000,FireDamage=0.000000,IceDamage=0.000000,ElectricDamage=0.000000,PoisonDamage=0.000000),MigitationModifier=(PhysicalReduction=0.000000,Evade=0.000000,Overshield=0.000000,Block=0.000000),ResistanceModifier=(FireResistance=0.000000,IceResistance=0.000000,ElectricResistance=0.000000,PoisonResistance=0.000000))","Multiplication","","(Armor=False,Weapon=True,Shield=False,Jewelry=False,Misc=False)","(Armor=(Head=False,Chest=False,Gloves=False,Boots=False,Shield=False),Weapon=(Sword=False,Axe=False),Shield=(HandOff=False),Jewelry=(Neck=False,Ring=False,Belt=False),Misc=(Misc=False))","(WeaponModifierBuckets=(LocalFlatPhysDamage=False,LocalPercentPhysDamage=False,LocalFlatFireDamage=False,LocalFlatColdDamage=False,LocalFlatElectricDamage=False,LocalFlatPoisonDamage=False,LocalAttackRate=False,LocalCritChance=True,LocalCritDamage=False),ArmorModifierBuckets=(PhysicalMitigation=False,Evade=False,OverShield=False,life=False),JewelryModifierBuckets=(FireResist=False),MiscModifierBuckets=(Life=False),GlobalModifierBuckets=(FireResist=False,ColdResist=False,ElectricResist=False,PoisonResist=False,GlobalAllSkills=False,UniqueSkill=False))"
fire_res_01,"NSLOCTEXT(""[0167F5F64C13037CE4CA5A79C7AE169A]"", ""BBFF5EBA4AB297F01CBDF2B83A4070EF"", ""fire_res_01"")","NSLOCTEXT(""[0167F5F64C13037CE4CA5A79C7AE169A]"", ""2F71C0D247BB9EC356CF05A15F01A7D3"", ""fire resist 1"")","(Etched=False)","(Physical=False,Fire=True,Ice=False,Electric=False,Poison=False,Damage=False,Attack=False,Defense=False,Resistance=True,Speed=False,Critical=False,Life=False,Armor=False,Evade=False,Overshield=False)","1000","0","1","Suffix","(5,10)","(WeaponAttackRate=0.000000,WeaponCriticalChance=0.000000,WeaponCriticalMulti=0.000000,DamageModifier=(PhysicalDamage=0.000000,FireDamage=0.000000,IceDamage=0.000000,ElectricDamage=0.000000,PoisonDamage=0.000000),MigitationModifier=(PhysicalReduction=0.000000,Evade=0.000000,Overshield=0.000000,Block=0.000000),ResistanceModifier=(FireResistance=1.000000,IceResistance=0.000000,ElectricResistance=0.000000,PoisonResistance=0.000000))","GlobalMod","","(Armor=True,Weapon=True,Shield=True,Jewelry=True,Misc=True)","(Armor=(Head=False,Chest=False,Gloves=False,Boots=False,Shield=False),Weapon=(Sword=False,Axe=False),Shield=(HandOff=False),Jewelry=(Neck=False,Ring=False,Belt=False),Misc=(Misc=False))","(WeaponModifierBuckets=(LocalFlatPhysDamage=False,LocalPercentPhysDamage=False,LocalFlatFireDamage=False,LocalFlatColdDamage=False,LocalFlatElectricDamage=False,LocalFlatPoisonDamage=False,LocalAttackRate=False,LocalCritChance=False,LocalCritDamage=False),ArmorModifierBuckets=(PhysicalMitigation=False,Evade=False,OverShield=False,life=False),JewelryModifierBuckets=(FireResist=False),MiscModifierBuckets=(Life=False),GlobalModifierBuckets=(FireResist=True,ColdResist=False,ElectricResist=False,PoisonResist=False,GlobalAllSkills=False,UniqueSkill=False))"
fire_res_02,"NSLOCTEXT(""[0167F5F64C13037CE4CA5A79C7AE169A]"", ""6913BF3F4DC9DFA92D24A6BD93A1D178"", ""fire_res_02"")","NSLOCTEXT(""[0167F5F64C13037CE4CA5A79C7AE169A]"", ""BD0EF1224D81A2C3723351B58A62787B"", ""fire resist 2"")","(Etched=False)","(Physical=False,Fire=True,Ice=False,Electric=False,Poison=False,Damage=False,Attack=False,Defense=False,Resistance=True,Speed=False,Critical=False,Life=False,Armor=False,Evade=False,Overshield=False)","1000","1","5","Suffix","(11,15)","(WeaponAttackRate=0.000000,WeaponCriticalChance=0.000000,WeaponCriticalMulti=0.000000,DamageModifier=(PhysicalDamage=0.000000,FireDamage=0.000000,IceDamage=0.000000,ElectricDamage=0.000000,PoisonDamage=0.000000),MigitationModifier=(PhysicalReduction=0.000000,Evade=0.000000,Overshield=0.000000,Block=0.000000),ResistanceModifier=(FireResistance=1.000000,IceResistance=0.000000,ElectricResistance=0.000000,PoisonResistance=0.000000))","GlobalMod","","(Armor=True,Weapon=True,Shield=True,Jewelry=True,Misc=True)","(Armor=(Head=False,Chest=False,Gloves=False,Boots=False,Shield=False),Weapon=(Sword=False,Axe=False),Shield=(HandOff=False),Jewelry=(Neck=False,Ring=False,Belt=False),Misc=(Misc=False))","(WeaponModifierBuckets=(LocalFlatPhysDamage=False,LocalPercentPhysDamage=False,LocalFlatFireDamage=False,LocalFlatColdDamage=False,LocalFlatElectricDamage=False,LocalFlatPoisonDamage=False,LocalAttackRate=False,LocalCritChance=False,LocalCritDamage=False),ArmorModifierBuckets=(PhysicalMitigation=False,Evade=False,OverShield=False,life=False),JewelryModifierBuckets=(FireResist=False),MiscModifierBuckets=(Life=False),GlobalModifierBuckets=(FireResist=True,ColdResist=False,ElectricResist=False,PoisonResist=False,GlobalAllSkills=False,UniqueSkill=False))"
ice_res_01,"NSLOCTEXT(""[0167F5F64C13037CE4CA5A79C7AE169A]"", ""170459C04BB0229797FCC585AAD0CA50"", ""ice_res_01"")","NSLOCTEXT(""[0167F5F64C13037CE4CA5A79C7AE169A]"", ""1DC4566243B86CA0FF195F9913AB7128"", ""ice resist 1"")","(Etched=False)","(Physical=False,Fire=True,Ice=False,Electric=False,Poison=False,Damage=False,Attack=False,Defense=False,Resistance=True,Speed=False,Critical=False,Life=False,Armor=False,Evade=False,Overshield=False)","1000","0","1","Suffix","(5,10)","(WeaponAttackRate=0.000000,WeaponCriticalChance=0.000000,WeaponCriticalMulti=0.000000,DamageModifier=(PhysicalDamage=0.000000,FireDamage=0.000000,IceDamage=0.000000,ElectricDamage=0.000000,PoisonDamage=0.000000),MigitationModifier=(PhysicalReduction=0.000000,Evade=0.000000,Overshield=0.000000,Block=0.000000),ResistanceModifier=(FireResistance=0.000000,IceResistance=1.000000,ElectricResistance=0.000000,PoisonResistance=0.000000))","GlobalMod","","(Armor=True,Weapon=True,Shield=True,Jewelry=True,Misc=True)","(Armor=(Head=False,Chest=False,Gloves=False,Boots=False,Shield=False),Weapon=(Sword=False,Axe=False),Shield=(HandOff=False),Jewelry=(Neck=False,Ring=False,Belt=False),Misc=(Misc=False))","(WeaponModifierBuckets=(LocalFlatPhysDamage=False,LocalPercentPhysDamage=False,LocalFlatFireDamage=False,LocalFlatColdDamage=False,LocalFlatElectricDamage=False,LocalFlatPoisonDamage=False,LocalAttackRate=False,LocalCritChance=False,LocalCritDamage=False),ArmorModifierBuckets=(PhysicalMitigation=False,Evade=False,OverShield=False,life=False),JewelryModifierBuckets=(FireResist=False),MiscModifierBuckets=(Life=False),GlobalModifierBuckets=(FireResist=False,ColdResist=True,ElectricResist=False,PoisonResist=False,GlobalAllSkills=False,UniqueSkill=False))"
ice_res_02,"NSLOCTEXT(""[0167F5F64C13037CE4CA5A79C7AE169A]"", ""F88F12044AAA4F2B21AD42906CF986E8"", ""ice_res_02"")","NSLOCTEXT(""[0167F5F64C13037CE4CA5A79C7AE169A]"", ""C6BAC79D48F0468287E0EE80133BCD2B"", ""ice resist 2"")","(Etched=False)","(Physical=False,Fire=True,Ice=False,Electric=False,Poison=False,Damage=False,Attack=False,Defense=False,Resistance=True,Speed=False,Critical=False,Life=False,Armor=False,Evade=False,Overshield=False)","1000","1","5","Suffix","(11,15)","(WeaponAttackRate=0.000000,WeaponCriticalChance=0.000000,WeaponCriticalMulti=0.000000,DamageModifier=(PhysicalDamage=0.000000,FireDamage=0.000000,IceDamage=0.000000,ElectricDamage=0.000000,PoisonDamage=0.000000),MigitationModifier=(PhysicalReduction=0.000000,Evade=0.000000,Overshield=0.000000,Block=0.000000),ResistanceModifier=(FireResistance=0.000000,IceResistance=1.000000,ElectricResistance=0.000000,PoisonResistance=0.000000))","GlobalMod","","(Armor=True,Weapon=True,Shield=True,Jewelry=True,Misc=True)","(Armor=(Head=False,Chest=False,Gloves=False,Boots=False,Shield=False),Weapon=(Sword=False,Axe=False),Shield=(HandOff=False),Jewelry=(Neck=False,Ring=False,Belt=False),Misc=(Misc=False))","(WeaponModifierBuckets=(LocalFlatPhysDamage=False,LocalPercentPhysDamage=False,LocalFlatFireDamage=False,LocalFlatColdDamage=False,LocalFlatElectricDamage=False,LocalFlatPoisonDamage=False,LocalAttackRate=False,LocalCritChance=False,LocalCritDamage=False),ArmorModifierBuckets=(PhysicalMitigation=False,Evade=False,OverShield=False,life=False),JewelryModifierBuckets=(FireResist=False),MiscModifierBuckets=(Life=False),GlobalModifierBuckets=(FireResist=False,ColdResist=True,ElectricResist=False,PoisonResist=False,GlobalAllSkills=False,UniqueSkill=False))"
elec_res_01,"NSLOCTEXT(""[0167F5F64C13037CE4CA5A79C7AE169A]"", ""B755AFEC4B9A2556CC7635BCCD819AAF"", ""elec_res_01"")","NSLOCTEXT(""[0167F5F64C13037CE4CA5A79C7AE169A]"", ""7A30EAAA4B8875528D144894635644A4"", ""electric resist 1"")","(Etched=False)","(Physical=False,Fire=True,Ice=False,Electric=False,Poison=False,Damage=False,Attack=False,Defense=False,Resistance=True,Speed=False,Critical=False,Life=False,Armor=False,Evade=False,Overshield=False)","1000","0","1","Suffix","(5,10)","(WeaponAttackRate=0.000000,WeaponCriticalChance=0.000000,WeaponCriticalMulti=0.000000,DamageModifier=(PhysicalDamage=0.000000,FireDamage=0.000000,IceDamage=0.000000,ElectricDamage=0.000000,PoisonDamage=0.000000),MigitationModifier=(PhysicalReduction=0.000000,Evade=0.000000,Overshield=0.000000,Block=0.000000),ResistanceModifier=(FireResistance=0.000000,IceResistance=0.000000,ElectricResistance=1.000000,PoisonResistance=0.000000))","GlobalMod","","(Armor=True,Weapon=True,Shield=True,Jewelry=True,Misc=True)","(Armor=(Head=False,Chest=False,Gloves=False,Boots=False,Shield=False),Weapon=(Sword=False,Axe=False),Shield=(HandOff=False),Jewelry=(Neck=False,Ring=False,Belt=False),Misc=(Misc=False))","(WeaponModifierBuckets=(LocalFlatPhysDamage=False,LocalPercentPhysDamage=False,LocalFlatFireDamage=False,LocalFlatColdDamage=False,LocalFlatElectricDamage=False,LocalFlatPoisonDamage=False,LocalAttackRate=False,LocalCritChance=False,LocalCritDamage=False),ArmorModifierBuckets=(PhysicalMitigation=False,Evade=False,OverShield=False,life=False),JewelryModifierBuckets=(FireResist=False),MiscModifierBuckets=(Life=False),GlobalModifierBuckets=(FireResist=False,ColdResist=False,ElectricResist=True,PoisonResist=False,GlobalAllSkills=False,UniqueSkill=False))"
elec_res_02,"NSLOCTEXT(""[0167F5F64C13037CE4CA5A79C7AE169A]"", ""506AD6744194399035F051AA03F0296D"", ""elec_res_02"")","NSLOCTEXT(""[0167F5F64C13037CE4CA5A79C7AE169A]"", ""BA9BC7044C0E649FED207F9A9E48831B"", ""electric resist 2"")","(Etched=False)","(Physical=False,Fire=True,Ice=False,Electric=False,Poison=False,Damage=False,Attack=False,Defense=False,Resistance=True,Speed=False,Critical=False,Life=False,Armor=False,Evade=False,Overshield=False)","1000","1","5","Suffix","(11,15)","(WeaponAttackRate=0.000000,WeaponCriticalChance=0.000000,WeaponCriticalMulti=0.000000,DamageModifier=(PhysicalDamage=0.000000,FireDamage=0.000000,IceDamage=0.000000,ElectricDamage=0.000000,PoisonDamage=0.000000),MigitationModifier=(PhysicalReduction=0.000000,Evade=0.000000,Overshield=0.000000,Block=0.000000),ResistanceModifier=(FireResistance=0.000000,IceResistance=0.000000,ElectricResistance=1.000000,PoisonResistance=0.000000))","GlobalMod","","(Armor=True,Weapon=True,Shield=True,Jewelry=True,Misc=True)","(Armor=(Head=False,Chest=False,Gloves=False,Boots=False,Shield=False),Weapon=(Sword=False,Axe=False),Shield=(HandOff=False),Jewelry=(Neck=False,Ring=False,Belt=False),Misc=(Misc=False))","(WeaponModifierBuckets=(LocalFlatPhysDamage=False,LocalPercentPhysDamage=False,LocalFlatFireDamage=False,LocalFlatColdDamage=False,LocalFlatElectricDamage=False,LocalFlatPoisonDamage=False,LocalAttackRate=False,LocalCritChance=False,LocalCritDamage=False),ArmorModifierBuckets=(PhysicalMitigation=False,Evade=False,OverShield=False,life=False),JewelryModifierBuckets=(FireResist=False),MiscModifierBuckets=(Life=False),GlobalModifierBuckets=(FireResist=False,ColdResist=False,ElectricResist=True,PoisonResist=False,GlobalAllSkills=False,UniqueSkill=False))"
poison_res_01,"NSLOCTEXT(""[0167F5F64C13037CE4CA5A79C7AE169A]"", ""E1BAAC8940460FADB915C7A0C6432FC4"", ""poison_res_01"")","NSLOCTEXT(""[0167F5F64C13037CE4CA5A79C7AE169A]"", ""EDA2C9C04BC925706912EEAC56A42D9C"", ""poison resist 1"")","(Etched=False)","(Physical=False,Fire=True,Ice=False,Electric=False,Poison=False,Damage=False,Attack=False,Defense=False,Resistance=True,Speed=False,Critical=False,Life=False,Armor=False,Evade=False,Overshield=False)","1000","0","1","Suffix","(5,10)","(WeaponAttackRate=0.000000,WeaponCriticalChance=0.000000,WeaponCriticalMulti=0.000000,DamageModifier=(PhysicalDamage=0.000000,FireDamage=0.000000,IceDamage=0.000000,ElectricDamage=0.000000,PoisonDamage=0.000000),MigitationModifier=(PhysicalReduction=0.000000,Evade=0.000000,Overshield=0.000000,Block=0.000000),ResistanceModifier=(FireResistance=0.000000,IceResistance=0.000000,ElectricResistance=0.000000,PoisonResistance=1.000000))","GlobalMod","","(Armor=True,Weapon=True,Shield=True,Jewelry=True,Misc=True)","(Armor=(Head=False,Chest=False,Gloves=False,Boots=False,Shield=False),Weapon=(Sword=False,Axe=False),Shield=(HandOff=False),Jewelry=(Neck=False,Ring=False,Belt=False),Misc=(Misc=False))","(WeaponModifierBuckets=(LocalFlatPhysDamage=False,LocalPercentPhysDamage=False,LocalFlatFireDamage=False,LocalFlatColdDamage=False,LocalFlatElectricDamage=False,LocalFlatPoisonDamage=False,LocalAttackRate=False,LocalCritChance=False,LocalCritDamage=False),ArmorModifierBuckets=(PhysicalMitigation=False,Evade=False,OverShield=False,life=False),JewelryModifierBuckets=(FireResist=False),MiscModifierBuckets=(Life=False),GlobalModifierBuckets=(FireResist=False,ColdResist=False,ElectricResist=False,PoisonResist=True,GlobalAllSkills=False,UniqueSkill=False))"
poison_res_02,"NSLOCTEXT(""[0167F5F64C13037CE4CA5A79C7AE169A]"", ""2A064D31425BA10563D96C9CAB0BFBA5"", ""poison_res_02"")","NSLOCTEXT(""[0167F5F64C13037CE4CA5A79C7AE169A]"", ""E968298047208E74473F47A908FA7B89"", ""poison resist 2"")","(Etched=False)","(Physical=False,Fire=True,Ice=False,Electric=False,Poison=False,Damage=False,Attack=False,Defense=False,Resistance=True,Speed=False,Critical=False,Life=False,Armor=False,Evade=False,Overshield=False)","1000","1","5","Suffix","(11,15)","(WeaponAttackRate=0.000000,WeaponCriticalChance=0.000000,WeaponCriticalMulti=0.000000,DamageModifier=(PhysicalDamage=0.000000,FireDamage=0.000000,IceDamage=0.000000,ElectricDamage=0.000000,PoisonDamage=0.000000),MigitationModifier=(PhysicalReduction=0.000000,Evade=0.000000,Overshield=0.000000,Block=0.000000),ResistanceModifier=(FireResistance=0.000000,IceResistance=0.000000,ElectricResistance=0.000000,PoisonResistance=1.000000))","GlobalMod","","(Armor=True,Weapon=True,Shield=True,Jewelry=True,Misc=True)","(Armor=(Head=False,Chest=False,Gloves=False,Boots=False,Shield=False),Weapon=(Sword=False,Axe=False),Shield=(HandOff=False),Jewelry=(Neck=False,Ring=False,Belt=False),Misc=(Misc=False))","(WeaponModifierBuckets=(LocalFlatPhysDamage=False,LocalPercentPhysDamage=False,LocalFlatFireDamage=False,LocalFlatColdDamage=False,LocalFlatElectricDamage=False,LocalFlatPoisonDamage=False,LocalAttackRate=False,LocalCritChance=False,LocalCritDamage=False),ArmorModifierBuckets=(PhysicalMitigation=False,Evade=False,OverShield=False,life=False),JewelryModifierBuckets=(FireResist=False),MiscModifierBuckets=(Life=False),GlobalModifierBuckets=(FireResist=False,ColdResist=False,ElectricResist=False,PoisonResist=True,GlobalAllSkills=False,UniqueSkill=False))"
skills_plus_01,"NSLOCTEXT(""[0167F5F64C13037CE4CA5A79C7AE169A]"", ""9EBC4C1B4C2E463D6727BFB0208B20DF"", ""skills_plus_01"")","NSLOCTEXT(""[0167F5F64C13037CE4CA5A79C7AE169A]"", ""05F187304D2677320595179A4554787B"", ""all skills + 1"")","(Etched=False)","(Physical=False,Fire=False,Ice=False,Electric=False,Poison=False,Damage=False,Attack=False,Defense=False,Resistance=False,Speed=False,Critical=False,Life=False,Armor=False,Evade=False,Overshield=False)","100","0","1","Prefix","(1)","(WeaponAttackRate=0.000000,WeaponCriticalChance=0.000000,WeaponCriticalMulti=0.000000,DamageModifier=(PhysicalDamage=0.000000,FireDamage=0.000000,IceDamage=0.000000,ElectricDamage=0.000000,PoisonDamage=0.000000),MigitationModifier=(PhysicalReduction=0.000000,Evade=0.000000,Overshield=0.000000,Block=0.000000),ResistanceModifier=(FireResistance=0.000000,IceResistance=0.000000,ElectricResistance=0.000000,PoisonResistance=0.000000))","GlobalMod","NSLOCTEXT(""[0167F5F64C13037CE4CA5A79C7AE169A]"", ""E8C88F314AACE0FEF964DA949ED57418"", ""skills_plus_01"")","(Armor=False,Weapon=True,Shield=False,Jewelry=True,Misc=False)","(Armor=(Head=False,Chest=False,Gloves=False,Boots=False,Shield=False),Weapon=(Sword=False,Axe=False),Shield=(HandOff=False),Jewelry=(Neck=False,Ring=False,Belt=False),Misc=(Misc=False))","(WeaponModifierBuckets=(LocalFlatPhysDamage=False,LocalPercentPhysDamage=False,LocalFlatFireDamage=False,LocalFlatColdDamage=False,LocalFlatElectricDamage=False,LocalFlatPoisonDamage=False,LocalAttackRate=False,LocalCritChance=False,LocalCritDamage=False),ArmorModifierBuckets=(PhysicalMitigation=False,Evade=False,OverShield=False,life=False),JewelryModifierBuckets=(FireResist=False),MiscModifierBuckets=(Life=False),GlobalModifierBuckets=(FireResist=False,ColdResist=False,ElectricResist=False,PoisonResist=False,GlobalAllSkills=True,UniqueSkill=False))"
uskill_firestorm_01,"NSLOCTEXT(""[0167F5F64C13037CE4CA5A79C7AE169A]"", ""226FB9E3474F764241E38DA6F8B49403"", ""uskill_firestorm_01"")","NSLOCTEXT(""[0167F5F64C13037CE4CA5A79C7AE169A]"", ""531DE4F94AD2DC5E69B57F95EE6A70B0"", ""Firestorm"")","(Etched=False)","(Physical=False,Fire=True,Ice=False,Electric=False,Poison=False,Damage=False,Attack=False,Defense=False,Resistance=False,Speed=False,Critical=False,Life=False,Armor=False,Evade=False,Overshield=False)","250","0","1","Prefix","(1)","(WeaponAttackRate=0.000000,WeaponCriticalChance=0.000000,WeaponCriticalMulti=0.000000,DamageModifier=(PhysicalDamage=0.000000,FireDamage=0.000000,IceDamage=0.000000,ElectricDamage=0.000000,PoisonDamage=0.000000),MigitationModifier=(PhysicalReduction=0.000000,Evade=0.000000,Overshield=0.000000,Block=0.000000),ResistanceModifier=(FireResistance=0.000000,IceResistance=0.000000,ElectricResistance=0.000000,PoisonResistance=0.000000))","UniqueModifier","NSLOCTEXT(""[0167F5F64C13037CE4CA5A79C7AE169A]"", ""32C28A0442FEBBDD60E488962A1C3768"", ""uskill_firestorm_01"")","(Armor=True,Weapon=False,Shield=False,Jewelry=False,Misc=False)","(Armor=(Head=False,Chest=False,Gloves=False,Boots=False,Shield=False),Weapon=(Sword=False,Axe=True),Shield=(HandOff=False),Jewelry=(Neck=False,Ring=False,Belt=False),Misc=(Misc=False))","(WeaponModifierBuckets=(LocalFlatPhysDamage=False,LocalPercentPhysDamage=False,LocalFlatFireDamage=False,LocalFlatColdDamage=False,LocalFlatElectricDamage=False,LocalFlatPoisonDamage=False,LocalAttackRate=False,LocalCritChance=False,LocalCritDamage=False),ArmorModifierBuckets=(PhysicalMitigation=False,Evade=False,OverShield=False,life=False),JewelryModifierBuckets=(FireResist=False),MiscModifierBuckets=(Life=False),GlobalModifierBuckets=(FireResist=False,ColdResist=False,ElectricResist=False,PoisonResist=False,GlobalAllSkills=False,UniqueSkill=True))"
chest_life_001,"NSLOCTEXT(""[0167F5F64C13037CE4CA5A79C7AE169A]"", ""02708A5349A0655E23B349B66D7E276A"", ""chest_life_001"")","NSLOCTEXT(""[0167F5F64C13037CE4CA5A79C7AE169A]"", ""686B66CB490888468EE5F0AEF5FC2831"", ""Chest Life 1"")","(Etched=False)","(Physical=False,Fire=False,Ice=False,Electric=False,Poison=False,Damage=False,Attack=False,Defense=False,Resistance=False,Speed=False,Critical=False,Life=True,Armor=False,Evade=False,Overshield=False)","1000","0","1","Prefix","(20,30)","(WeaponAttackRate=0.000000,WeaponCriticalChance=0.000000,WeaponCriticalMulti=0.000000,DamageModifier=(PhysicalDamage=0.000000,FireDamage=0.000000,IceDamage=0.000000,ElectricDamage=0.000000,PoisonDamage=0.000000),MigitationModifier=(PhysicalReduction=0.000000,Evade=0.000000,Overshield=0.000000,Block=0.000000),ResistanceModifier=(FireResistance=0.000000,IceResistance=0.000000,ElectricResistance=0.000000,PoisonResistance=0.000000))","Addition","","(Armor=False,Weapon=False,Shield=False,Jewelry=False,Misc=False)","(Armor=(Head=False,Chest=True,Gloves=False,Boots=False,Shield=False),Weapon=(Sword=False,Axe=False),Shield=(HandOff=False),Jewelry=(Neck=False,Ring=False,Belt=False),Misc=(Misc=False))","(WeaponModifierBuckets=(LocalFlatPhysDamage=False,LocalPercentPhysDamage=False,LocalFlatFireDamage=False,LocalFlatColdDamage=False,LocalFlatElectricDamage=False,LocalFlatPoisonDamage=False,LocalAttackRate=False,LocalCritChance=False,LocalCritDamage=False),ArmorModifierBuckets=(PhysicalMitigation=False,Evade=False,OverShield=False,life=True),JewelryModifierBuckets=(FireResist=False),MiscModifierBuckets=(Life=False),GlobalModifierBuckets=(FireResist=False,ColdResist=False,ElectricResist=False,PoisonResist=False,GlobalAllSkills=False,UniqueSkill=False))"
generic_life_001,"NSLOCTEXT(""[0167F5F64C13037CE4CA5A79C7AE169A]"", ""AE0A092745942E3546CCDE9EEA1A1D7E"", ""generic_life_001"")","NSLOCTEXT(""[0167F5F64C13037CE4CA5A79C7AE169A]"", ""04A559E8413DDCC8A6FDE9B7955D3807"", ""Generic Life 1"")","(Etched=False)","(Physical=False,Fire=False,Ice=False,Electric=False,Poison=False,Damage=False,Attack=False,Defense=False,Resistance=False,Speed=False,Critical=False,Life=True,Armor=False,Evade=False,Overshield=False)","1000","0","1","Prefix","(10,20)","(WeaponAttackRate=0.000000,WeaponCriticalChance=0.000000,WeaponCriticalMulti=0.000000,DamageModifier=(PhysicalDamage=0.000000,FireDamage=0.000000,IceDamage=0.000000,ElectricDamage=0.000000,PoisonDamage=0.000000),MigitationModifier=(PhysicalReduction=0.000000,Evade=0.000000,Overshield=0.000000,Block=0.000000),ResistanceModifier=(FireResistance=0.000000,IceResistance=0.000000,ElectricResistance=0.000000,PoisonResistance=0.000000))","Addition","","(Armor=False,Weapon=False,Shield=True,Jewelry=True,Misc=True)","(Armor=(Head=False,Chest=False,Gloves=False,Boots=False,Shield=False),Weapon=(Sword=False,Axe=False),Shield=(HandOff=False),Jewelry=(Neck=False,Ring=False,Belt=False),Misc=(Misc=False))","(WeaponModifierBuckets=(LocalFlatPhysDamage=False,LocalPercentPhysDamage=False,LocalFlatFireDamage=False,LocalFlatColdDamage=False,LocalFlatElectricDamage=False,LocalFlatPoisonDamage=False,LocalAttackRate=False,LocalCritChance=False,LocalCritDamage=False),ArmorModifierBuckets=(PhysicalMitigation=False,Evade=False,OverShield=False,life=True),JewelryModifierBuckets=(FireResist=False),MiscModifierBuckets=(Life=False),GlobalModifierBuckets=(FireResist=False,ColdResist=False,ElectricResist=False,PoisonResist=False,GlobalAllSkills=False,UniqueSkill=False))"
chest_armor_flat_001,"NSLOCTEXT(""[0167F5F64C13037CE4CA5A79C7AE169A]"", ""F02798504DDEAF4D5AF2BE888D6A8121"", ""chest_armor_flat_001"")","NSLOCTEXT(""[0167F5F64C13037CE4CA5A79C7AE169A]"", ""75614D914B85BD211CE54B9CFB583C56"", ""Chest Armor + 1"")","(Etched=False)","(Physical=False,Fire=False,Ice=False,Electric=False,Poison=False,Damage=False,Attack=False,Defense=True,Resistance=False,Speed=False,Critical=False,Life=False,Armor=True,Evade=False,Overshield=False)","1000","0","1","Prefix","(5,10)","(WeaponAttackRate=0.000000,WeaponCriticalChance=0.000000,WeaponCriticalMulti=0.000000,DamageModifier=(PhysicalDamage=0.000000,FireDamage=0.000000,IceDamage=0.000000,ElectricDamage=0.000000,PoisonDamage=0.000000),MigitationModifier=(PhysicalReduction=1.000000,Evade=0.000000,Overshield=0.000000,Block=0.000000),ResistanceModifier=(FireResistance=0.000000,IceResistance=0.000000,ElectricResistance=0.000000,PoisonResistance=0.000000))","Addition","","(Armor=False,Weapon=False,Shield=False,Jewelry=False,Misc=False)","(Armor=(Head=False,Chest=True,Gloves=False,Boots=False,Shield=False),Weapon=(Sword=False,Axe=False),Shield=(HandOff=False),Jewelry=(Neck=False,Ring=False,Belt=False),Misc=(Misc=False))","(WeaponModifierBuckets=(LocalFlatPhysDamage=False,LocalPercentPhysDamage=False,LocalFlatFireDamage=False,LocalFlatColdDamage=False,LocalFlatElectricDamage=False,LocalFlatPoisonDamage=False,LocalAttackRate=False,LocalCritChance=False,LocalCritDamage=False),ArmorModifierBuckets=(PhysicalMitigation=True,Evade=False,OverShield=False,life=False),JewelryModifierBuckets=(FireResist=False),MiscModifierBuckets=(Life=False),GlobalModifierBuckets=(FireResist=False,ColdResist=False,ElectricResist=False,PoisonResist=False,GlobalAllSkills=False,UniqueSkill=False))"
chest_life_002,"NSLOCTEXT(""[0167F5F64C13037CE4CA5A79C7AE169A]"", ""6FA42F9E4406F17B51D40C90E1AF3AD2"", ""chest_life_002"")","NSLOCTEXT(""[0167F5F64C13037CE4CA5A79C7AE169A]"", ""67F396CA4B854DC5682F44843C1DB09C"", ""Chest Life 2"")","(Etched=False)","(Physical=False,Fire=False,Ice=False,Electric=False,Poison=False,Damage=False,Attack=False,Defense=False,Resistance=False,Speed=False,Critical=False,Life=True,Armor=False,Evade=False,Overshield=False)","1000","1","5","Prefix","(31,40)","(WeaponAttackRate=0.000000,WeaponCriticalChance=0.000000,WeaponCriticalMulti=0.000000,DamageModifier=(PhysicalDamage=0.000000,FireDamage=0.000000,IceDamage=0.000000,ElectricDamage=0.000000,PoisonDamage=0.000000),MigitationModifier=(PhysicalReduction=0.000000,Evade=0.000000,Overshield=0.000000,Block=0.000000),ResistanceModifier=(FireResistance=0.000000,IceResistance=0.000000,ElectricResistance=0.000000,PoisonResistance=0.000000))","Addition","","(Armor=True,Weapon=False,Shield=False,Jewelry=False,Misc=False)","(Armor=(Head=False,Chest=True,Gloves=False,Boots=False,Shield=False),Weapon=(Sword=False,Axe=False),Shield=(HandOff=False),Jewelry=(Neck=False,Ring=False,Belt=False),Misc=(Misc=False))","(WeaponModifierBuckets=(LocalFlatPhysDamage=False,LocalPercentPhysDamage=False,LocalFlatFireDamage=False,LocalFlatColdDamage=False,LocalFlatElectricDamage=False,LocalFlatPoisonDamage=False,LocalAttackRate=False,LocalCritChance=False,LocalCritDamage=False),ArmorModifierBuckets=(PhysicalMitigation=False,Evade=False,OverShield=False,life=True),JewelryModifierBuckets=(FireResist=False),MiscModifierBuckets=(Life=False),GlobalModifierBuckets=(FireResist=False,ColdResist=False,ElectricResist=False,PoisonResist=False,GlobalAllSkills=False,UniqueSkill=False))"
chest_life_003,"NSLOCTEXT(""[0167F5F64C13037CE4CA5A79C7AE169A]"", ""BF586887494D3778D9F29C83874E4E13"", ""chest_life_003"")","NSLOCTEXT(""[0167F5F64C13037CE4CA5A79C7AE169A]"", ""313865CC4D529945D962A6ADA12AA353"", ""Chest Life 3"")","(Etched=False)","(Physical=False,Fire=False,Ice=False,Electric=False,Poison=False,Damage=False,Attack=False,Defense=False,Resistance=False,Speed=False,Critical=False,Life=True,Armor=False,Evade=False,Overshield=False)","1000","2","10","Prefix","(41,50)","(WeaponAttackRate=0.000000,WeaponCriticalChance=0.000000,WeaponCriticalMulti=0.000000,DamageModifier=(PhysicalDamage=0.000000,FireDamage=0.000000,IceDamage=0.000000,ElectricDamage=0.000000,PoisonDamage=0.000000),MigitationModifier=(PhysicalReduction=0.000000,Evade=0.000000,Overshield=0.000000,Block=0.000000),ResistanceModifier=(FireResistance=0.000000,IceResistance=0.000000,ElectricResistance=0.000000,PoisonResistance=0.000000))","Addition","","(Armor=True,Weapon=False,Shield=False,Jewelry=False,Misc=False)","(Armor=(Head=False,Chest=True,Gloves=False,Boots=False,Shield=False),Weapon=(Sword=False,Axe=False),Shield=(HandOff=False),Jewelry=(Neck=False,Ring=False,Belt=False),Misc=(Misc=False))","(WeaponModifierBuckets=(LocalFlatPhysDamage=False,LocalPercentPhysDamage=False,LocalFlatFireDamage=False,LocalFlatColdDamage=False,LocalFlatElectricDamage=False,LocalFlatPoisonDamage=False,LocalAttackRate=False,LocalCritChance=False,LocalCritDamage=False),ArmorModifierBuckets=(PhysicalMitigation=False,Evade=False,OverShield=False,life=True),JewelryModifierBuckets=(FireResist=False),MiscModifierBuckets=(Life=False),GlobalModifierBuckets=(FireResist=False,ColdResist=False,ElectricResist=False,PoisonResist=False,GlobalAllSkills=False,UniqueSkill=False))"
chest_armor_flat_002,"NSLOCTEXT(""[0167F5F64C13037CE4CA5A79C7AE169A]"", ""5D306AB44D3318506CDF08BD789537BA"", ""chest_armor_flat_002"")","NSLOCTEXT(""[0167F5F64C13037CE4CA5A79C7AE169A]"", ""17D195CC4E25ED869277DF80A14C695B"", ""Chest Armor + 2"")","(Etched=False)","(Physical=False,Fire=False,Ice=False,Electric=False,Poison=False,Damage=False,Attack=False,Defense=True,Resistance=False,Speed=False,Critical=False,Life=False,Armor=True,Evade=False,Overshield=False)","1000","1","5","Prefix","(11,15)","(WeaponAttackRate=0.000000,WeaponCriticalChance=0.000000,WeaponCriticalMulti=0.000000,DamageModifier=(PhysicalDamage=0.000000,FireDamage=0.000000,IceDamage=0.000000,ElectricDamage=0.000000,PoisonDamage=0.000000),MigitationModifier=(PhysicalReduction=1.000000,Evade=0.000000,Overshield=0.000000,Block=0.000000),ResistanceModifier=(FireResistance=0.000000,IceResistance=0.000000,ElectricResistance=0.000000,PoisonResistance=0.000000))","Addition","","(Armor=False,Weapon=False,Shield=False,Jewelry=False,Misc=False)","(Armor=(Head=False,Chest=True,Gloves=False,Boots=False,Shield=False),Weapon=(Sword=False,Axe=False),Shield=(HandOff=False),Jewelry=(Neck=False,Ring=False,Belt=False),Misc=(Misc=False))","(WeaponModifierBuckets=(LocalFlatPhysDamage=False,LocalPercentPhysDamage=False,LocalFlatFireDamage=False,LocalFlatColdDamage=False,LocalFlatElectricDamage=False,LocalFlatPoisonDamage=False,LocalAttackRate=False,LocalCritChance=False,LocalCritDamage=False),ArmorModifierBuckets=(PhysicalMitigation=True,Evade=False,OverShield=False,life=False),JewelryModifierBuckets=(FireResist=False),MiscModifierBuckets=(Life=False),GlobalModifierBuckets=(FireResist=False,ColdResist=False,ElectricResist=False,PoisonResist=False,GlobalAllSkills=False,UniqueSkill=False))"
chest_evade_flat_001,"NSLOCTEXT(""[0167F5F64C13037CE4CA5A79C7AE169A]"", ""5DBBB9F44D6C813938070CAC2AF8516E"", ""chest_evade_flat_001"")","NSLOCTEXT(""[0167F5F64C13037CE4CA5A79C7AE169A]"", ""13E41EBD4A4389F36AAB9199AEA43EEB"", ""Chest Evade + 1"")","(Etched=False)","(Physical=False,Fire=False,Ice=False,Electric=False,Poison=False,Damage=False,Attack=False,Defense=True,Resistance=False,Speed=False,Critical=False,Life=False,Armor=True,Evade=False,Overshield=False)","1000","0","1","Prefix","(20,40)","(WeaponAttackRate=0.000000,WeaponCriticalChance=0.000000,WeaponCriticalMulti=0.000000,DamageModifier=(PhysicalDamage=0.000000,FireDamage=0.000000,IceDamage=0.000000,ElectricDamage=0.000000,PoisonDamage=0.000000),MigitationModifier=(PhysicalReduction=0.000000,Evade=1.000000,Overshield=0.000000,Block=0.000000),ResistanceModifier=(FireResistance=0.000000,IceResistance=0.000000,ElectricResistance=0.000000,PoisonResistance=0.000000))","Addition","","(Armor=False,Weapon=False,Shield=False,Jewelry=False,Misc=False)","(Armor=(Head=False,Chest=True,Gloves=False,Boots=False,Shield=False),Weapon=(Sword=False,Axe=False),Shield=(HandOff=False),Jewelry=(Neck=False,Ring=False,Belt=False),Misc=(Misc=False))","(WeaponModifierBuckets=(LocalFlatPhysDamage=False,LocalPercentPhysDamage=False,LocalFlatFireDamage=False,LocalFlatColdDamage=False,LocalFlatElectricDamage=False,LocalFlatPoisonDamage=False,LocalAttackRate=False,LocalCritChance=False,LocalCritDamage=False),ArmorModifierBuckets=(PhysicalMitigation=False,Evade=True,OverShield=False,life=False),JewelryModifierBuckets=(FireResist=False),MiscModifierBuckets=(Life=False),GlobalModifierBuckets=(FireResist=False,ColdResist=False,ElectricResist=False,PoisonResist=False,GlobalAllSkills=False,UniqueSkill=False))"
chest_evade_flat_002,"NSLOCTEXT(""[0167F5F64C13037CE4CA5A79C7AE169A]"", ""17D79959442174175FEC3A8511504EAD"", ""chest_evade_flat_002"")","NSLOCTEXT(""[0167F5F64C13037CE4CA5A79C7AE169A]"", ""5A026C3D4B11A21538C13FA57E8B4F06"", ""Chest Evade + 2"")","(Etched=False)","(Physical=False,Fire=False,Ice=False,Electric=False,Poison=False,Damage=False,Attack=False,Defense=True,Resistance=False,Speed=False,Critical=False,Life=False,Armor=True,Evade=False,Overshield=False)","1000","1","5","Prefix","(41,60)","(WeaponAttackRate=0.000000,WeaponCriticalChance=0.000000,WeaponCriticalMulti=0.000000,DamageModifier=(PhysicalDamage=0.000000,FireDamage=0.000000,IceDamage=0.000000,ElectricDamage=0.000000,PoisonDamage=0.000000),MigitationModifier=(PhysicalReduction=0.000000,Evade=1.000000,Overshield=0.000000,Block=0.000000),ResistanceModifier=(FireResistance=0.000000,IceResistance=0.000000,ElectricResistance=0.000000,PoisonResistance=0.000000))","Addition","","(Armor=False,Weapon=False,Shield=False,Jewelry=False,Misc=False)","(Armor=(Head=False,Chest=True,Gloves=False,Boots=False,Shield=False),Weapon=(Sword=False,Axe=False),Shield=(HandOff=False),Jewelry=(Neck=False,Ring=False,Belt=False),Misc=(Misc=False))","(WeaponModifierBuckets=(LocalFlatPhysDamage=False,LocalPercentPhysDamage=False,LocalFlatFireDamage=False,LocalFlatColdDamage=False,LocalFlatElectricDamage=False,LocalFlatPoisonDamage=False,LocalAttackRate=False,LocalCritChance=False,LocalCritDamage=False),ArmorModifierBuckets=(PhysicalMitigation=False,Evade=True,OverShield=False,life=False),JewelryModifierBuckets=(FireResist=False),MiscModifierBuckets=(Life=False),GlobalModifierBuckets=(FireResist=False,ColdResist=False,ElectricResist=False,PoisonResist=False,GlobalAllSkills=False,UniqueSkill=False))"
chest_overshield_flat_001,"NSLOCTEXT(""[0167F5F64C13037CE4CA5A79C7AE169A]"", ""0381C9014063235945B935A4174182CC"", ""chest_overshield_flat_001"")","NSLOCTEXT(""[0167F5F64C13037CE4CA5A79C7AE169A]"", ""D6F3C7B243505296493174B58B4F6857"", ""Chest OS + 1"")","(Etched=False)","(Physical=False,Fire=False,Ice=False,Electric=False,Poison=False,Damage=False,Attack=False,Defense=True,Resistance=False,Speed=False,Critical=False,Life=False,Armor=True,Evade=False,Overshield=False)","1000","0","1","Prefix","(10,20)","(WeaponAttackRate=0.000000,WeaponCriticalChance=0.000000,WeaponCriticalMulti=0.000000,DamageModifier=(PhysicalDamage=0.000000,FireDamage=0.000000,IceDamage=0.000000,ElectricDamage=0.000000,PoisonDamage=0.000000),MigitationModifier=(PhysicalReduction=0.000000,Evade=0.000000,Overshield=1.000000,Block=0.000000),ResistanceModifier=(FireResistance=0.000000,IceResistance=0.000000,ElectricResistance=0.000000,PoisonResistance=0.000000))","Addition","","(Armor=False,Weapon=False,Shield=False,Jewelry=False,Misc=False)","(Armor=(Head=False,Chest=True,Gloves=False,Boots=False,Shield=False),Weapon=(Sword=False,Axe=False),Shield=(HandOff=False),Jewelry=(Neck=False,Ring=False,Belt=False),Misc=(Misc=False))","(WeaponModifierBuckets=(LocalFlatPhysDamage=False,LocalPercentPhysDamage=False,LocalFlatFireDamage=False,LocalFlatColdDamage=False,LocalFlatElectricDamage=False,LocalFlatPoisonDamage=False,LocalAttackRate=False,LocalCritChance=False,LocalCritDamage=False),ArmorModifierBuckets=(PhysicalMitigation=False,Evade=False,OverShield=True,life=False),JewelryModifierBuckets=(FireResist=False),MiscModifierBuckets=(Life=False),GlobalModifierBuckets=(FireResist=False,ColdResist=False,ElectricResist=False,PoisonResist=False,GlobalAllSkills=False,UniqueSkill=False))"
